calendar_day,TMAX (Degrees Fahrenheit),TMIN (Degrees Fahrenheit)
01-01,38.8416,25.0307
01-02,37.2345,22.1511
01-03,36.5847,22.592
01-04,37.67,22.4048
01-05,36.5468,20.8938
01-06,35.0049,21.2161
01-07,34.7322,20.9872
01-08,34.0942,18.9121
01-09,34.7147,18.8733
01-10,34.8672,19.4563
01-11,35.6223,19.3962
01-12,36.8817,21.3126
01-13,38.141,22.3443
01-14,36.7594,20.359
01-15,34.4675,18.5916
01-16,34.0666,17.9588
01-17,35.0375,18.8068
01-18,36.284,20.0394
01-19,35.1203,19.5476
01-20,34.7771,18.2332
01-21,33.3314,17.9893
01-22,33.4753,17.9762
01-23,37.0723,19.7387
01-24,36.9001,19.982
01-25,36.4458,20.2637
01-26,35.7628,19.6245
01-27,35.4581,18.87
01-28,35.3777,19.0449
01-29,36.4448,20.3223
01-30,36.3067,20.2985
01-31,34.8742,19.344
02-01,36.4673,20.0689
02-02,36.9579,20.8771
02-03,36.6664,19.9033
02-04,36.4262,19.8526
02-05,35.9039,18.6437
02-06,34.6488,18.5032
02-07,36.0988,18.3307
02-08,35.5231,18.9573
02-09,35.9303,17.4963
02-10,36.485,18.3238
02-11,37.2063,19.741
02-12,37.1071,20.6775
02-13,37.3541,20.2549
02-14,36.6908,20.9863
02-15,38.784,21.1022
02-16,38.7425,21.9104
02-17,38.0087,21.0264
02-18,38.6531,21.4628
02-19,40.3039,22.8095
02-20,40.5188,23.387
02-21,42.0094,23.7593
02-22,42.3077,25.2727
02-23,43.1316,26.2348
02-24,42.2183,25.2033
02-25,41.0101,23.4795
02-26,40.5263,23.3647
02-27,40.4336,23.4806
02-28,42.7767,24.4299
02-29,45.4211,22.7368
03-01,43.5173,25.0266
03-02,43.7702,26.2079
03-03,42.1963,25.3443
03-04,41.4107,25.2564
03-05,44.106,25.9826
03-06,44.3974,26.2344
03-07,44.7914,26.7491
03-08,45.788,26.7381
03-09,45.3294,26.4579
03-10,46.0375,26.4341
03-11,45.425,27.0385
03-12,45.9665,26.9249
03-13,45.604,27.8883
03-14,46.9724,28.5824
03-15,47.9561,28.9689
03-16,47.2475,28.8938
03-17,47.0454,28.0751
03-18,45.9586,27.5577
03-19,46.9744,28.7625
03-20,47.5799,30.1468
03-21,48.4162,29.5183
03-22,48.7909,28.7189
03-23,46.6272,29.3788
03-24,48.5533,29.7952
03-25,49.537,30.7115
03-26,48.9951,31.0082
03-27,49.0237,30.4652
03-28,50.0138,31.2576
03-29,51.7732,32.909
03-30,51.1479,33.1886
03-31,52.8845,32.9293
04-01,51.9287,33.4263
04-02,51.9123,32.3574
04-03,52.5625,33.0064
04-04,54.1786,33.6982
04-05,51.8331,31.7746
04-06,50.6158,31.3446
04-07,52.0224,31.8462
04-08,53.0829,33.0657
04-09,52.8357,33.7596
04-10,52.5373,32.7676
04-11,54.5379,32.9081
04-12,56.0514,34.4589
04-13,56.6675,35.8558
04-14,56.4395,35.8446
04-15,57.3013,35.4744
04-16,56.7592,36.9631
04-17,57.9479,36.4391
04-18,56.6879,35.8574
04-19,59.3381,37.6538
04-20,58.5268,37.8606
04-21,58.8181,36.984
04-22,56.2889,37.1587
04-23,57.4263,37.1667
04-24,57.7175,37.7324
04-25,57.4575,37.1827
04-26,57.768,37.5176
04-27,58.6426,36.609
04-28,57.8057,37.5913
04-29,57.7572,38.2917
04-30,60.0036,39.2228
05-01,59.9744,39.8077
05-02,60.4231,39.7756
05-03,59.5256,39.7885
05-04,58.6731,39.5
05-05,58.8184,39.8568
05-06,60.2564,40.3718
05-07,60.4188,40.9038
05-08,61.641,41.2265
05-09,61.4744,41.4487
05-10,61.8974,41.7179
05-11,62.9872,42.2436
05-12,63.8397,42.4615
05-13,61.4829,42.3568
05-14,62.0427,42.3547
05-15,63.141,43.0385
05-16,62.6524,42.8397
05-17,63.2215,43.4103
05-18,63.4444,44.9231
05-19,63.3405,44.609
05-20,64.8198,44.6987
05-21,64.7222,44.6282
05-22,64.9836,44.8932
05-23,65.0912,44.7863
05-24,65.7821,44.9359
05-25,65.5883,45.8462
05-26,65.2728,45.8141
05-27,65.2137,45.6282
05-28,65.6054,46.391
05-29,66.2279,47.7276
05-30,67.1709,47.8782
05-31,67.6311,47.9904
06-01,67.1034,47.4464
06-02,67.5141,47.5275
06-03,66.7426,47.6573
06-04,66.9582,47.5178
06-05,66.9979,47.3641
06-06,67.6572,48.1143
06-07,68.4102,48.5824
06-08,68.5093,49.1941
06-09,68.7494,49.5365
06-10,69.2417,49.2721
06-11,69.2467,49.2193
06-12,69.3159,50.9869
06-13,69.7355,50.7012
06-14,70.0013,50.9796
06-15,70.6873,51.3733
06-16,70.0976,50.8311
06-17,69.5208,50.7249
06-18,70.3029,51.2083
06-19,71.162,51.788
06-20,70.0531,51.1368
06-21,70.5468,51.3767
06-22,70.3866,51.2192
06-23,69.7421,50.347
06-24,70.0236,50.5134
06-25,70.7003,50.8271
06-26,71.0181,51.3203
06-27,71.5858,51.9995
06-28,71.1151,52.2761
06-29,71.5226,52.0526
06-30,70.765,52.4659
07-01,70.7338,52.4722
07-02,70.7457,51.8898
07-03,71.42,52.3694
07-04,70.9532,52.5156
07-05,71.2332,53.1397
07-06,71.7825,52.1869
07-07,71.8538,52.029
07-08,72.2071,52.6915
07-09,72.2885,53.3303
07-10,72.1456,53.6101
07-11,71.5797,52.4411
07-12,71.3748,51.5799
07-13,71.4648,52.1481
07-14,71.5292,52.4856
07-15,72.3628,53.2141
07-16,71.9657,52.6862
07-17,72.1518,52.6968
07-18,72.2162,53.015
07-19,72.4815,53.2136
07-20,72.4102,53.4507
07-21,72.1401,53.2647
07-22,72.0004,52.9184
07-23,70.8159,52.7772
07-24,71.3653,52.5784
07-25,71.4489,52.0793
07-26,71.3787,52.1828
07-27,71.3726,52.2158
07-28,71.1015,52.7744
07-29,70.9393,52.0927
07-30,71.0465,52.1844
07-31,70.9378,52.1608
08-01,70.9044,51.3166
08-02,71.0367,51.1152
08-03,71.2027,51.3273
08-04,71.3687,51.109
08-05,70.5178,50.9983
08-06,70.0382,51.0753
08-07,69.43,50.6017
08-08,70.1762,50.6155
08-09,70.7641,51.5217
08-10,70.7107,51.6051
08-11,69.9484,51.6758
08-12,69.9077,50.506
08-13,69.9978,50.3869
08-14,70.9844,50.5399
08-15,69.5661,50.5663
08-16,69.8882,50.0737
08-17,70.2926,50.2774
08-18,70.2244,50.0063
08-19,70.3145,50.615
08-20,70.5564,50.3693
08-21,69.7646,49.2438
08-22,69.0361,48.9323
08-23,69.3076,49.2072
08-24,69.9082,48.786
08-25,69.5848,49.0103
08-26,70.1664,49.8338
08-27,70.8999,50.5458
08-28,70.7284,51.4858
08-29,70.2277,50.2147
08-30,70.0119,49.6589
08-31,69.3593,49.1283
09-01,69.4093,48.9155
09-02,69.7848,49.1987
09-03,69.7806,48.8491
09-04,68.7511,48.1639
09-05,68.8165,47.2003
09-06,68.8945,47.2481
09-07,68.7764,47.5997
09-08,68.2405,47.8774
09-09,68.1983,47.6868
09-10,67.903,47.0152
09-11,67.6076,46.1537
09-12,67.3819,45.3998
09-13,66.7194,46.5003
09-14,68.0633,45.738
09-15,66.4008,44.6655
09-16,65.6118,44.7513
09-17,65.2658,44.8244
09-18,65.3945,44.5729
09-19,65.5299,43.9922
09-20,66.2308,43.84
09-21,66.0791,44.6494
09-22,65.2564,44.1703
09-23,63.6389,42.0887
09-24,62.6368,41.6994
09-25,62.7991,42.017
09-26,63.4551,43.2577
09-27,62.8547,43.101
09-28,62.4274,42.0083
09-29,62.6923,41.5952
09-30,62.1303,40.6692
10-01,62.1966,40.7304
10-02,61.6154,40.0609
10-03,62.0855,39.9469
10-04,61.1838,40.4611
10-05,61.1667,39.7766
10-06,61.0855,39.7545
10-07,60.9402,38.7901
10-08,58.5256,37.7957
10-09,59.4316,38.4809
10-10,58.6709,37.6147
10-11,58.6282,37.505
10-12,58.9765,37.6774
10-13,58.9274,37.7343
10-14,58.7821,37.7955
10-15,57.6111,37.9337
10-16,57.2137,36.856
10-17,55.0342,35.9578
10-18,55.6432,35.1494
10-19,54.4658,34.7696
10-20,53.8782,34.7551
10-21,54.3419,34.9587
10-22,54.8761,35.5468
10-23,55.2821,35.3849
10-24,54.9829,36.1897
10-25,54.2607,35.5522
10-26,53.9103,35.0045
10-27,53.9701,35.117
10-28,53.0684,34.6013
10-29,53.4167,34.592
10-30,52.9701,34.9032
10-31,54.0556,35.3042
11-01,53.9231,35.6282
11-02,53.7051,34.8718
11-03,52.7179,33.6667
11-04,51.9423,33.0769
11-05,51.9038,33.6282
11-06,51.4615,33.8205
11-07,50.7564,31.5128
11-08,50.0342,30.8611
11-09,50.5363,31.6132
11-10,50.594,31.7436
11-11,49.0598,31.0385
11-12,47.3205,29.2115
11-13,46.8205,29.0513
11-14,46.8526,29.4167
11-15,47.7692,29.859
11-16,47.2949,30.7564
11-17,46.4615,29.7692
11-18,47.2244,30.0705
11-19,46.7436,30.2346
11-20,47.1667,30.5846
11-21,46.0449,29.7487
11-22,44.5897,29.9897
11-23,44.9647,28.2917
11-24,45.6282,27.8782
11-25,43.8344,27.6314
11-26,45.3547,27.8846
11-27,45.3205,29.5256
11-28,45.0513,30.0769
11-29,42.6282,27.6538
11-30,43.5,28.3462
12-01,44.5513,28.1731
12-02,42.7949,27.3013
12-03,43.1154,27.1026
12-04,42.3462,27.0
12-05,40.7051,26.7885
12-06,41.3846,25.9231
12-07,39.6752,24.5513
12-08,39.4274,25.3013
12-09,40.3205,25.5897
12-10,40.3974,24.6282
12-11,39.1923,24.6538
12-12,40.0641,25.0769
12-13,40.6795,25.8782
12-14,39.7863,25.4872
12-15,41.0812,25.8782
12-16,40.7543,25.0962
12-17,39.4744,24.4103
12-18,37.7692,23.3333
12-19,37.5962,22.4167
12-20,37.5,22.8077
12-21,38.5705,22.609
12-22,38.5769,23.8718
12-23,39.3333,23.2308
12-24,39.2885,23.4423
12-25,37.609,22.0897
12-26,37.0205,22.0359
12-27,38.2141,23.3026
12-28,39.4718,23.9731
12-29,39.441,24.4641
12-30,39.1346,24.6538
12-31,39.391,25.3333
